{
    "Order": {
      "@xmlns": "urn:oasis:names:specification:ubl:schema:xsd:Order-2",
      "@xmlns:cac": "urn:oasis:names:specification:ubl:schema:xsd:CommonAggregateComponents-2",
      "@xmlns:cbc": "urn:oasis:names:specification:ubl:schema:xsd:CommonBasicComponents-2",
      "cbc:UBLVersionID": "2.0",
      "cbc:CustomizationID": "urn:oasis:names:specification:ubl:xpath:Order-2.0:samples-2.0-draft",
      "cbc:ProfileID": "bpid:urn:oasis:names:draft:bpss:ubl-2-sample-international-scenario",
      "cbc:ID": "AEG012345",
      "cbc:CopyIndicator": "false",
      "cbc:UUID": "6E09886B-DC6E-439F-82D1-7CCAC7F4E3B1",
      "cbc:IssueDate": "2005-06-20",
      "cbc:Note": "sample",
      "cac:BuyerCustomerParty": {
        "cbc:CustomerAssignedAccountID": "XFB01",
        "cbc:SupplierAssignedAccountID": "GT00978567",
        "cac:Party": {
          "cac:PartyName": {
            "cbc:Name": "IYT Corporation"
          },
          "cac:PostalAddress": {
            "cbc:StreetName": "Avon Way",
            "cbc:BuildingName": "Thereabouts",
            "cbc:BuildingNumber": "56A",
            "cbc:CityName": "Bridgtow",
            "cbc:PostalZone": "ZZ99 1ZZ",
            "cbc:CountrySubentity": "Avon",
            "cac:AddressLine": {
              "cbc:Line": "3rd Floor, Room 5"
            },
            "cac:Country": {
              "cbc:IdentificationCode": "GB"
            }
          },
          "cac:Contact": {
            "cbc:Name": "Mr Fred Churchill",
            "cbc:Telephone": "+44 127 2653214",
            "cbc:Telefax": "+44 127 2653215",
            "cbc:ElectronicMail": "fred@iytcorporation.gov.uk"
          }
        }
      },
      "cac:SellerSupplierParty": {
        "cbc:CustomerAssignedAccountID": "CO001",
        "cac:Party": {
          "cac:PartyName": {
            "cbc:Name": "Consortial"
          },
          "cac:PostalAddress": {
            "cbc:StreetName": "Boston Road",
            "cbc:BuildingName": "Suite M-102",
            "cbc:BuildingNumber": "630",
            "cbc:CityName": "Billerica",
            "cbc:PostalZone": "01821",
            "cbc:CountrySubentity": "Massachusetts",
            "cbc:CountrySubentityCode": "MA",
            "cac:Country": {
              "cbc:IdentificationCode": "US"
            }
          },
          "cac:Contact": {
            "cbc:Name": "Mrs Bouquet",
            "cbc:Telephone": "+1 158 1233714",
            "cbc:Telefax": "+ 1 158 1233856",
            "cbc:ElectronicMail": "bouquet@fpconsortial.com"
          }
        }
      },
      "cac:OriginatorCustomerParty": {
        "cac:Party": {
          "cac:PartyName": {
            "cbc:Name": "The Terminus"
          },
          "cac:PostalAddress": {
            "cbc:StreetName": "Avon Way",
            "cbc:BuildingName": "Thereabouts",
            "cbc:BuildingNumber": "56A",
            "cbc:CityName": "Bridgtow",
            "cbc:PostalZone": "ZZ99 1ZZ",
            "cbc:CountrySubentity": "Avon",
            "cac:AddressLine": {
              "cbc:Line": "3rd Floor, Room 5"
            },
            "cac:Country": {
              "cbc:IdentificationCode": "GB"
            }
          },
          "cac:PartyTaxScheme": {
            "cbc:RegistrationName": "Bridgtow District Council",
            "cbc:CompanyID": "12356478",
            "cbc:ExemptionReason": "Local Authority",
            "cac:TaxScheme": {
              "cbc:ID": "UK VAT",
              "cbc:TaxTypeCode": "VAT"
            }
          },
          "cac:Contact": {
            "cbc:Name": "S Massiah",
            "cbc:Telephone": "+ 44 127 98876545",
            "cbc:Telefax": "+ 44 127 98876546",
            "cbc:ElectronicMail": "smassiah@the-email.co.uk"
          }
        }
      },
      "cac:Delivery": {
        "cac:DeliveryAddress": {
          "cbc:StreetName": "Avon Way",
          "cbc:BuildingName": "Thereabouts",
          "cbc:BuildingNumber": "56A",
          "cbc:CityName": "Bridgtow",
          "cbc:PostalZone": "ZZ99 1ZZ",
          "cbc:CountrySubentity": "Avon",
          "cac:AddressLine": {
            "cbc:Line": "3rd Floor, Room 5"
          },
          "cac:Country": {
            "cbc:IdentificationCode": "GB"
          }
        },
        "cac:RequestedDeliveryPeriod": {
          "cbc:StartDate": "2005-06-29",
          "cbc:StartTime": "01:00:00.0Z",
          "cbc:EndDate": "2005-06-30",
          "cbc:EndTime": "18:00:00.0Z"
        }
      },
      "cac:DeliveryTerms": {
        "cbc:ID": "FOB Destination",
        "cac:DeliveryLocation": {
          "cbc:ID": "GBFXT",
          "cbc:Description": "Felixstowe"
        }
      },
      "cac:TransactionConditions": {
        "cbc:Description": "Please advise when transport is booked."
      },
      "cac:AnticipatedMonetaryTotal": {
        "cbc:LineExtensionAmount": {
          "@currencyID": "USD",
          "#text": "1000.00"
        },
        "cbc:PayableAmount": {
          "@currencyID": "USD",
          "#text": "1000.00"
        }
      },
      "cac:OrderLine": {
        "cbc:Note": "this is an illustrative order line",
        "cac:LineItem": {
          "cbc:ID": "1",
          "cbc:SalesOrderID": "A",
          "cbc:LineStatusCode": "NoStatus",
          "cbc:Quantity": {
            "@unitCode": "KGM",
            "#text": "100"
          },
          "cbc:LineExtensionAmount": {
            "@currencyID": "USD",
            "#text": "1000.00"
          },
          "cac:Price": {
            "cbc:PriceAmount": {
              "@currencyID": "USD",
              "#text": "10.00"
            },
            "cbc:BaseQuantity": {
              "@unitCode": "KGM",
              "#text": "1"
            }
          },
          "cac:Item": {
            "cbc:Description": "Beeswax",
            "cbc:Name": "Acme Beeswax",
            "cac:BuyersItemIdentification": {
              "cbc:ID": "6578489"
            },
            "cac:SellersItemIdentification": {
              "cbc:ID": "17589683"
            }
          }
        }
      }
    },
    "cac:Shipment": {
      "cbc:ID": "1",
      "cac:Consignment": {
        "cbc:ID": "1"
      },
      "cac:Delivery": {
        "cac:DeliveryAddress": {
          "cbc:StreetName": "Avon Way",
          "cbc:BuildingName": "Thereabouts",
          "cbc:BuildingNumber": "56A",
          "cbc:CityName": "Bridgtow",
          "cbc:PostalZone": "ZZ99 1ZZ",
          "cbc:CountrySubentity": "Avon",
          "cac:AddressLine": {
            "cbc:Line": "3rd Floor, Room 5"
          },
          "cac:Country": {
            "cbc:IdentificationCode": "GB"
          }
        },
        "cac:RequestedDeliveryPeriod": {
          "cbc:StartDate": "",
          "cbc:StartTime": "",
          "cbc:EndDate": "",
          "cbc:EndTime": ""
        }
      }
    }
  }